sentence,verb lemma,w0,interpretation,object,qualia,,,,,,,,,,
"Siverts startet på en kokebok om norske råvarer i fjor, en bok som ble fullført etter hennes død.",starte,på,write,book,agentive,,,,,,,,,,
* Thomas Stanley starter på ''History of Philosophy'' .,starte,på,write,book,agentive,,,,,,,,,,
Deltidsstudenter starter på emnet i tredje semester.,starte,på,attend,course,telic,,,,,,,,,,
Norge startet nemlig på et nytt språkprosjekt ; samnorsk.,starte,på,project,project,agentive_project,,,,,,,,,,
Personene startet på et tiltak mellom 1996 og 2005 og er fulgt frem til 2010.,starte,på,attend,program,telic,,,,,,,,,,
"Nicks startet på sitt tredje soloalbum, opprinnelig med tittelen ' 'Mirror Mirror'' , og spilte inn sangene i løpet av 1984.",starte,på,write/create,music,agentive,,,,,,,,,,
"Pasienter som fikk semaglutid startet på 0.25 mg ukentlig, etterfulgt av en dobling av dosen hver fjerde uke inntil vedlikeholdsdosering ble nådd ( 0.5 mg eller 1 mg ) .",starte,på,take,medicine,telic,,,,,,,,,,
"Marcus startet på et Bachelor of Commerce-studium på University of the Witwatersrand i Johannesburg, men måtte bli med til London da foreldrene dro i eksil i 1969.",starte,på,do,degree,telic,,,,,,,,,,
"32 000 elever startet på studieforberedende utdanningsprogram i 2006, og 83 prosent av disse fullførte i løpet av fem år.",starte,på,attend,program,telic,,,,,,,,,,
Selskapet startet med 4 hovedoppgaver :,starte,med,do,excercise,telic,,,,,,,,,,
Pasientene startet med 20 mg statin og ble opptitrert til 40 mg etter 6 uker og 80 mg etter 12 uker.,starte,med,take,medicine,telic,,,,,,,,,,
Lennon starter med såkalt « off-beat » ; altså at han følger skarptrommelaget.,starte,med,sing,song/music,agentive,,,,,,,,,,
"Gabrielle starter med « 5 fine frøkner » , av VG kåret til en av årets beste norske låter.",starte,med,sing,song/music,agentive,,,,,,,,,,
Nicoline startet med « Black Widow » ( Iggy Azalea feat.,starte,med,sing,song/music,agentive,,,,,,,,,,
"Koret startet med « Hear my prayer, O lord » av Henry Purcell og avsluttet med « Krist stod op af de døde » av Henrik Ødegård.",starte,med,sing,song/music,agentive,,,,,,,,,,
"Bon Jovi starter med « That's What The Water Made Me » , som er en låt fra det ferske albumet « What About Now » som kom ut for noen uker siden.",starte,med,sing,song/music,agentive,,,,,,,,,,
Robinson og Fredag startet med « raw » menyen :,starte,med,eat,,telic,,,,,,,,,,
Opeth starter med « Devil's Orchard » fra det siste albumet « Heritage » som kom for et par år siden.,starte,med,sing/play,song/music,agentive,,,,,,,,,,
"- Jeff Mangum startet alene med « The King of Carrot Flowers part 2 » , og plutselig ut av det blå sto det 10 mann minst på scenen og tok fullstendig av.",starte,med,sing/play,song/music,agentive,,,,,,,,,,
"En lærer startet på 1/2-årsenheten, men matte av private årsaker avbryte studiet, studiet utgjør en del av bibliotekprosj ektet, og vi antar at vedkommende tioss alt fikk pkt sitt kompetansenivå vesentlig i lopet av tida hun deltok.",starte,på,attend,unita',telic,,,,,,,,,,
"De første pasientene startet på abemaciklib 200 mg x 2 ( preamendment populasjon, før protokollendring ) , men etter en protokollendring startet pasientene på 150 mg x 2 ( post-amendment populasjon, etter protokollendring ) .",starte,på,take,medicine,telic,,,,,,,,,,
"De første pasientene startet på abemaciklib 200 mg x 2 ( pre-amendment populasjon, før protokollendring ) , men etter en protokollendring startet pasientene på 150 mg x 2 ( post-amendment populasjon, etter protokollendring ) .",starte,på,take,medicine,telic,,,,,,,,,,
"Anne Line Nubberud startet med alpakka først og fremst på grunn av de spesielle og svært ettertraktede fibrene, som gir en helt spesiell ullkvalitet.",starte,med,work,alpacas,other,,,,,,,,,,
Legene ved lokalsykehuset startet derfor med antibiotika og med beinmargsstimulerende medisiner.,starte,med,take,medicine,telic,,,,,,,,,,
De aller fleste pasienter som er innlagt Medisin H Hem med mistanke om sepsis ( n=87 ) starter med antibiotika i akuttmottak eller annen sengepost.,starte,med,take,medicine,telic,,,,,,,,,,
Vokalist Sturle Kvilekvål startet med åpningslåten « Karoline » og sørget for stor stemning fra første tone.,starte,med,sing/play,song/music,agentive,,,,,,,,,,
"Klonteig startet på Asker seminar i 1876, men ble sjuk og måtte slutte i 1878, før eksamen.",starte,på,attend,seminar,telic,,,,,,,,,,
"Robinson startet med asparges, både hvit og grønn, servert med posjert egg og en himmelsk lett, hvit saus med ramsløk, og « bonito » , tørkede tunfiskskjell.",starte,med,eat,asparagus,telic,,,,,,,,,,
"Overhodet for appelldomstolen, ''Lord Chief Justice'' * startet med ekte håndskrevne avhørsnotater, maskinskrevet dem, endret dem, og så laget nye håndskrevne notater.",starte,med,write,notation,agentive,,,,,,,,,,
Kun et mindretall starter med bildene.,starte,med,draw,image,agentive,,,,,,,,,,
Fiksdahl starter med bildet av statens prosjekter som tegner seg i offentligheten.,starte,med,discuss,picture/sitation,other,,,,,,,,,,
"Isachsen startet med bilsport i 1989, og ble Norgesmester i rallycross i 1999 og 2000.",starte,med,practice,sport,telic,,,,,,,,,,
- Barn starter ofte med blogg og facebook i tidlig alder.,starte,med,use,blogg/facebook,telic,,,,,,,,,,
"Kameratene startet med boken i februar, og det skulle fort vise seg at de måtte utelate noe.",starte,med,working on/mostly write,book,agentive,,,,,,,,,,
De fleste personene inkludert i studien startet med buprenorfin på dag 1.,starte,med,take,medicine,telic,,,,,,,,,,
"Palladio starter med byhus, og bruker tegninger av egne bygg som eksempler.",starte,med,progettare/costruire,architecture,agentive,,,,,,,,,,
"McKay startet umiddelbart på cellegift, men etter tre runder var eneste løsning å amputere beinet.",starte,på,undergo,chemioptherapy,telic,,,,,,,,,,
"Bente startet på cellegift i fjor sommer, og hadde sin forrige behandlingsrunde like før jul.",starte,på,undergo,chemioptherapy,telic,,,,,,,,,,
"Bente startet på cellegift i sommer, og hadde sin siste behandlingsrunde like før jul.",starte,på,undergo,chemioptherapy,telic,,,,,,,,,,
- Rekrutterere starter med CV-en og skummer gjennom den på ett minutt.,starte,med,write,cv,agentive,,,,,,,,,,
"Morrison starter med Cypress Avenue eller Madame George, før sangen og improvisasjonen fører ham opp i de store astrale høyder.",starte,med,sing/play,song,agentive,,,,,,,,,,
Bandet starter med den nesten tyve år gamle instrumentalen « Allseende õgat » og fortsetter med tittellåten fra det tredje siste albumet « Folkmusik fõr folk som inte kan te seg som folk » .,starte,med,play,music,agentive,,,,,,,,,,
"Alle politikere som vil delta i ulikhetsdebatten, starter med denne setningen.",starte,med,say,sentence,agentive,,,,,,,,,,
Andreassen starter med det første av sine tre spørsmål ( se hovedsaken over ) :,starte,med,ask,question,agentive,,,,,,,,,,
Ankeutvalget starter med det siste spørsmålet.,starte,med,answer,question,telic,,,,,,,,,,
"Da General Motors kom i markedet 1920-tallet, produktstigen startet med det pris-ledende Chevrolet merket, og så gikk denopp i pris, kraft og luksus til Oakland, Oldsmobile, Buick og til slutt Cadillac.",starte,med,produce,vehicle,agentive,,,,,,,,,,
Pedersen startet med det siste spørsmålet.,starte,med,ask,question,agentive,,,,,,,,,,
De første studentene startet på det nye programmet høsten 2015.,starte,på,attend,program,telic,,,,,,,,,,
"Dio startet med dette albumet å skrive tekster som var mytiske og mystiske, og som skulle baseres på « virkelige » eller fiktive legender, sagn og myter.",starte,med,skrive,,agentive,,,,,,,,,,
Kalvig startet på doktorgraden i 2009.,starte,på,attend,phd,telic,,,,,,,,,,
"Lørenskogjenta og hennes fem dyktige musikere startet relativt rolig med Don`t Move fra siste skiva Spark og Solid Ground fra debutalbumet Under The Surface, før Larsen byttet tangentene ut med kassegitaren og tok opp tempoet med popknallerten Have You Ever.",starte,med,sing/play,song,agentive,,,,,,,,,,
"Arne Magnussen startet med økologiske egg mot slutten av 2007, og har økt sitt mottak av økologiske egg sterkt de siste par årene.",starte,med,produce,eggs,agentive,,,,,,,,,,
Thomson sin gruppe startet med overtallige befruktede egg fra prøverørsbehandling.,starte,med,produce,fertilized eggs,agentive,,,,,,,,,,
"Cardinal Foods Ski AS ( endret navn fra Arne Magnussen AS i 2010 ) startet med økologiske egg mot slutten av 2007, og økte raskt sitt mottak av økologiske egg.",starte,med,produce,eggs,agentive,,,,,,,,,,
"Arbeidsmarkedsetaten startet med egne internettsider, Arbeidsnett, i mars 1996.",starte,med,create,web site,agentive,,,,,,,,,,
a ) Du starter med EMG / nevrografi for å utelukke en generell nevropati.,starte,med,undergo,nevrografi,telic,,,,,,,,,,
"Alle studentene starter samlet med felles obligatorisk emne på 15 stp, hvor studentene gjennom tre uke-samlinger besøker alle de fire lærestedene, og det mellom samlingene gis undervisning på skype.",starte,med,attend,course,telic,,,,,,,,,,
Deltidsstudentene starter på emnet i tredje semester.,starte,på,attend,course,telic,,,,,,,,,,
202 studenter startet på emnet denne våren – ca 50 flere enn tidligere år.,starte,på,attend,course,telic,,,,,,,,,,
Juryen startet med en liste på over 140 lokale forfattere.,starte,med,say,list,agentive,,,,,,,,,,
"Knopfler starter med en halvgammel låt, « What It Is » fra albumet « Sailing To Philadelphia » .",starte,med,play,song,agentive,,,,,,,,,,
"JAN, 53 starter gjerne med en liste på mobilen, men beveger seg etter hvert over til datamaskinen :",starte,med,write,list,agentive,,,,,,,,,,
"Pasientene startet med en dose på 0,8 mg / kg, som kunne økes til 1,2 mg / kg Q2W hvis pasienten oppfylte alle følgende kriterier for dosejustering :",starte,med,take,medicine,telic,,,,,,,,,,
Men Tiril Eckhoff startet med en hamburger og avsluttet gårskvelden med ei velfortjent kake.,starte,med,eat,,telic,,,,,,,,,,
"Byløvene startet med en Caprino Gustoso, fersk geitost med chiliflak, artisjokk og sautert aubergine, og en Crudo e Mozzarella fra utvalget av forretter.",starte,med,eat,,telic,,,,,,,,,,
Pila starter med en klassisk variant av potetball.,starte,med,eat,,telic,,,,,,,,,,
Læreren starter ofte med en mer åpen oppgave.,starte,med,propose,exercise,other,,,,,,,,,,
"Assistenten, som ledet samlingen, startet med en felles sang :",starte,med,sing,song/music,agentive,,,,,,,,,,
"Ekteparet startet med en svart-hvitt base, men fant fort ut at de trengte farger.",starte,med,decore,,other,,,,,,,,,,
Ekteparet startet med en rødvin de fort fikk napp på.,starte,med,drink,,telic,,,,,,,,,,
"Pepper startet med en varmende, kraftig gulrotsuppe med strimler av syltet ingefær og hint av curry i smaken.",starte,med,eat,,telic,,,,,,,,,,
"Løvinnen starter med en kongekrabbesalat med rucola, granateple og chèvre.",starte,med,eat,,telic,,,,,,,,,,
Beyoncé starter med en av sine mest irriterende singler.,starte,med,sing,song/music,agentive,,,,,,,,,,
Hedda Samdahl Weltz ( 28 ) startet på en mastergrad i historie ved Universitetet i Oslo.,starte,på,attend,master ,telic,,,,,,,,,,
Nye medarbeidere starter med et intensivt kurs på en uke.,starte,med,attend,course,telic,,,,,,,,,,
"- Mange land starter med et lite PV-prosjekt, og så viser deg sa at de tilbudene de får inn er konkurransedyktige, og at det går så raskt å bygge de ut, at de mangedobler planene de satte for et par år siden.",starte,med,project,project,agentive_project,,,,,,,,,,
"Gustavsen startet med et stort resymé av hvor ille det står til i alle de andre partiene, for så å si lite grann, i noen få setninger, om de vanskeligheter som eksisterer i hans eget parti.",starte,med,say/write,resume,agentive,,,,,,,,,,
"VIKO startet med et forprosjekt satt i gang av Sigvor Kvale i 2003, med undersøkelse av tilsvarende tilbud, hovedsakelig i USA, Storbritannia og Norden og kartlegging av behov og nytte ved NTNU.",starte,med,project,project,agentive_project,,,,,,,,,,
Bipper startet med et dataprogram som gjør at foreldre kan overvåke barns mobilbruk og bruke telefonen til å vite hvor barna er.,starte,med,develop,program,agentive,,,,,,,,,,
Læreren starter med et ganske åpent spørsmål ( linje K.7 ) .,starte,med,ask,question,agentive,,,,,,,,,,
Alle studentene starter med et felles obligatorisk hybrid-emne « Marine bioressurser » ( 15 ECTS ) første semester.,starte,med,attend,course,telic,,,,,,,,,,
Den tibetanske munken startet med et enkelt spørsmål :,starte,med,ask,question,agentive,,,,,,,,,,
"Byløvene starter med et knippe pintxos, den baskiske varianten av tapas, små retter som holdes sammen av små spyd.",starte,med,eat,,telic,,,,,,,,,,
De fem deltakerne startet på et tolv ukers introduksjonskurs 6.april 2010.,starte,på,attend,course,telic,,,,,,,,,,
"Omkring 53 prosent av elevene som begynte på Vg1 høsten 2011, startet på et yrkesfaglig utdanningsprogram.",starte,på,attend,program,telic,,,,,,,,,,
"55 prosent av elevene som begynte på Vgl høsten 2006, startet på et yrkesfaglig utdanningsprogram.",starte,på,attend,program,telic,,,,,,,,,,
Majoriteten av de programfrafalte på bachelornivå starter på et nytt bachelorprogram eller på et masterprogram / profesjonsstudier.,starte,på,attend,program,telic,,,,,,,,,,
"Dolmen startet på et filmprosjekt allerede på 80-tallet, og « Knutsen & Ludvigsen og den fæle Rasputin » er en slags videreføring av det opprinnelige prosjektet, forteller Vogel, som har vært involvert i prosjektet i over åtte år.",starte,på,project,project,agentive_project,,,,,,,,,,
"Spesialenhetens Kristine Schilling startet med enkle faktaspørsmål om Jensens politi-CV, før hun konfronterte Jensen med ulike utsagn i hans egen bok « På innsiden » og innholdet i stillingsinstruksen hans som rådgiver i politimesterens strategiske stab, en jobb han fikk i 2013 etter en konflikt med sin nærmeste leder.",starte,med,ask,question,agentive,,,,,,,,,,
1882 studenter startet på fakultetets studieprogram høsten 2016.,starte,på,attend,program,telic,,,,,,,,,,
Stavanger kommune startet med fellesfyrverkeri i 2006.,starte,med,use,fireworks,telic,,,,,,,,,,
Tannpleierstudentene starter med ferdighetskurs på Ferdighetssenteret allerede i første semester.,starte,med,attend,course,telic,,,,,,,,,,
Alle pasientene starter med FEV1 lik 40 % av forventet.,starte,med,take,medicine,telic,,,,,,,,,,
"Sir Elton John startet med fire sanger fra albumet "" Goodbuy Yellow Brick Road "" fra 1973 før han gikk over til "" Levon "" som første sang fra "" Madman Across the Water "" ( 1971 ) .",starte,med,sing,song/music,agentive,,,,,,,,,,
"Prisvinneren startet med røff folkrock med sterk live-appell på slutten av syttitallet, rock på første halvdel av åttitallet, før hun debuterte som soloartist i 1988.",starte,med,play,music,agentive,,,,,,,,,,
Ytterligere 317 nye studenter starter på forkurs til ingeniørutdanningene.,starte,på,attend,course,telic,,,,,,,,,,
Rissa startet med forprosjekt i 2002 og var samlokalisert i midlertidige lokaler september 2004 og i permantente lokaler først i januar 2005.,starte,med,project,project,agentive_project,,,,,,,,,,
"Al-Azemi startet med friidrett i 1993, samme år ble han kuwaitisk U14-mester i terrengløp. og konkurrerte utenlands første gang i 1995, i et internasjonalt stevne i Finland.",starte,med,practice,sport,telic,,,,,,,,,,
"Henrik startet med friidrett i ung alder og viste fort interesse for tresteg, lengde og høyde. )",starte,med,practice,sport,telic,,,,,,,,,,
"Greni starter på akustisk gitar, Langeland og Sollid fyller inn - og så kan jazzsaksofonisten Trygve Seim bare surfe inn.",starte,på,play,guitar,agentive,,,,,,,,,,
"George Harrison starter med gitarriffet, McCartney kommer inn og spiller det samme på bass.",starte,med,play,riff,agentive,,,,,,,,,,
"Berg startet med glidefly, 16 år gammel og tok flygerutdannelse på egen hånd på Fornebu på 1950-tallet.",starte,med,perform,gliders,other,,,,,,,,,,
"Adams startet med gokart i 1981, da han var tolv år gammel.",starte,med,practice,gokarts,telic,,,,,,,,,,
"Eleven startet på grunnkurs formgivingsfag samme år som prosjektet startet, men skiftet til grunnkurs byggfag året etter.",starte,på,attend,course,telic,,,,,,,,,,
"3 700 elever startet kun på grunnkurs, men av disse var det bare 1 000 som ikke fullførte det første året ( vedleggstabell 5.5 ) .",starte,på,attend,course,telic,,,,,,,,,,
Vel 5 000 elever starter på grunnkurset hvert år.,starte,på,attend,course,telic,,,,,,,,,,
"Kyllingene starter med insekter og larver, bærlyngblomster, enkelte urter, særlig harerug, men ser ut til å like blad av rynkevier godt.",starte,med,use,insects,telic,,,,,,,,,,
Emilio Pettersen startet med organisert ishockey som seksåring og spilte på Manglerud Stars alderbestemte lag før han gikk over til Lørenskog Ishockeyklubbs juniorlag.,starte,med,practice,sport,telic,,,,,,,,,,
Drafn startet med ishockey i 1952 og spilte seg på kortest mulig tid fra 4. divisjon til toppserien.,starte,med,practice,sport,telic,,,,,,,,,,
"Ester startet også opprinnelig med ishockey, men også med ski og senere snowboard.",starte,med,practice,sport,telic,,,,,,,,,,
David Garcia startet med brasiliansk jiu-jitsu i 1998.,starte,med,practice,sport,telic,,,,,,,,,,
Storesøster startet med kampsporten fra hun var fire.,starte,med,practice,sport,telic,,,,,,,,,,
Russeren startet med karate som 6-åring og har drevet med kickboksing siden.,starte,med,practice,sport,telic,,,,,,,,,,
Lærerne i mottaksgruppen starter med kartleggingsmaterialet « Språkkompetanse i grunnleggende norsk » etter kort tid og fyller inn data etter hvert som eleven når målene.,starte,med,map,material,other,,,,,,,,,,
"Møller Dæhli startet med kjøretimer mens han var i England, men fullførte ikke.",starte,med,attend,course,telic,,,,,,,,,,
"- Far min startet med klatrekurs her i 1962, forteller Innerdalen.",starte,med,attend,course,telic,,,,,,,,,,
Studentene starter med kariologi klinikk i 6.semester.,starte,med,study,kariologi,other,,,,,,,,,,
"Studenter i reguleringsteknikk starter gjerne med kurs i lineær reguleringsteori, noe som forutsetter elementær matematikk og Laplace-transformasjon.",starte,med,attend,course,telic,,,,,,,,,,
"25 ledere i helse-og sosialsektoren i kommunen startet på kurset i januar 2001, ved intervjutidspunktet høsten 2001 var 8 av disse falt fra.",starte,på,attend,course,telic,,,,,,,,,,
55 elever startet på kurset og 51 fullførte.,starte,på,attend,course,telic,,,,,,,,,,
52 elever startet på kurset og 42 fullførte.,starte,på,attend,course,telic,,,,,,,,,,
"Sokrates starter med kvadratet til venstre med sidelengde 2 fot, og spør slaven hva arealet er.",starte,med,draw,square,agentive,,,,,,,,,,
"Deltakerne starter på Kvalifiseringsprogrammet og blir plassert rett ut i produksjon, med nødvendig opplæring.",starte,på,attend,program,telic,,,,,,,,,,
"Plata Theodorakis sings Theodorakis, utgitt på Intuition Records i 1991, starter med låten « Omorfipoli » , om en kjærkommen by.",starte,med,sing,song,agentive,,,,,,,,,,
"Bandet startet med kruttsterke låten Soldier, som er avslutningslåten på den ferske debutskiva, og så seg aldri tilbake.",starte,med,sing,song,agentive,,,,,,,,,,
Pasienter som ikke skal ha intensiv induksjonsbehandling starter straks med lavdose cytarabin subkutant.,starte,med,take,medicine/drug,telic,,,,,,,,,,
TINE startet med Melkekartongkrimmen i 1997.,starte,med,produce,cartons,agentive,,,,,,,,,,
"16-åringen startet med motocross da hun fikk en firhjuling av moren som femåring, og siden har hun vært hektet.",starte,med,practice,sport,telic,,,,,,,,,,
"Mats Lysen startet med motorsport i 2004, og tok norgescupgull i crosskart i. 2006.",starte,med,practice,sport,telic,,,,,,,,,,
Ronny startet med musikk i elleveårsalderen.,starte,med,play/study,music,other,,,,,,,,,,
– Katrin startet med musikk på grunn av Gåte og sa noe veldig fint ; nå er ringen sluttet.,starte,med,play/study,music,other,,,,,,,,,,
"Hermani startet med musikk som barn, da han tok fiolintimer.",starte,med,play/study,music,other,,,,,,,,,,
"Venegas startet med musikk i en alder av åtte, og har siden vært medlem av flere band, blant andre ' 'Tijuana No!'' .",starte,med,play/study,music,other,,,,,,,,,,
"Norge startet blant annet sent med nanovitenskap og vi fokuserer mer på anvendt enn grunnleggende materialforskning, og har derfor problemer med å komme med i de sterkeste konsortiene på frontforskningen.",starte,med,focus,on nanoscience,other,,,,,,,,,,
"Kjartan startet på noen skisser likevel, men det er vanskelig for han å presentere det på et tidlig stadium siden jeg ikke er musiker selv og ikke skjønner hvordan ideen vil kunne utvikles til ferdig musikk.",starte,på,draw,sketches,agentive,,,,,,,,,,
Bolyst startet med norskkurs våren 2012 med 13 deltagere.,starte,med,offer,course,other,,,,,,,,,,
Bolyst startet med norskkurs våren 2012 og har i løpet av prosjektperioden gjennomført sju kurs.,starte,med,offer,course,other,,,,,,,,,,
De fleste skoler starter gjerne med praktiske og konkrete oppgåver.,starte,med,offer,courses,other,,,,,,,,,,
"( Gruppe 1 starter med oppgave 1, gruppe 2 starter med oppgave 2 osv. )",starte,med,do,exercise,telic,,,,,,,,,,
"To masterstudenter startet med oppgaver i disse feltene, hhv i Ringebu, Sør‐Fron og Nord‐Fron, høsten 2013 ( figur 1 ) .",starte,med,do,exercise,telic,,,,,,,,,,
"Engelen starter med ordene « frykt ikke! » , som i juleevangeliet.",starte,med,say,word,agentive,,,,,,,,,,
Og Blindheim startet med pilates i stedet.,starte,med,attend,course,telic,,,,,,,,,,
DN startet med ukentlige podkaster for snart tre år siden.,starte,med,produce,podcast,agentive,,,,,,,,,,
Mikkelsen startet med poker som 17-åring mens han gikk på St. Olav videregående skole ( Stavanger ) .,starte,med,play,poker,agentive,,,,,,,,,,
Riseng startet med poker som 18-åring imens han gikk på Askim videregående skole.,starte,med,play,poker,agentive,,,,,,,,,,
( Arendal vg startet med portugisisk i høst under stor offentlig oppmerksomhet. ),starte,med,attend,course,telic,,,,,,,,,,
17 studenter startet på portugisisk.,starte,på,attend,language course,telic,,,,,,,,,,
Side 38 av 65 Rutinebeskrivelser for doktorgrad Start Termin studenten startet på programmet.,starte,på,attend,program,telic,,,,,,,,,,
2 studenter startet på programmet i 2009.,starte,på,attend,program,telic,,,,,,,,,,
Første gruppe startet på programmet høsten 2016 og en ny gruppe høsten 2017.,starte,på,attend,program,telic,,,,,,,,,,
"Lennon på sin side startet med flere prosjekter, særlig kunstprosjekter, med Yoko.",starte,med,project,project,agentive_project,,,,,,,,,,
"Sjøforsvaret startet med prosjektet i ytre Oslofjord, der stasjonene KarlJohanns Værn, Rauøy, Bolærne, Oscarsborg m.fl. , hadde kommunikasjons- og opplæringsbehov som tilsa at elektronisk data-kommunikasjon ville være interessant.",starte,med,project,project,agentive_project,,,,,,,,,,
Kommunen startet med prosjektet Watercolour som var et temporært prosjekt der lys ble brukt som kunstnerisk medium for å presentere den unge og moderne byen Sandnes.,starte,med,project,project,agentive_project,,,,,,,,,,
Skolen startet med prosjektet fordi resulta‐ tene på nasjonale prøver lå godt under landsgjennomsnittet.,starte,med,project,project,agentive_project,,,,,,,,,,
Entreprenør Teknobygg startet med prosjektet i september i fjor.,starte,med,project,project,agentive_project,,,,,,,,,,
23 personer startet på prosjektet og få av dem har så vidt vi vet ( intervju etablerere og veiledere ) startet bedrift.,starte,på,project,project,agentive_project,,,,,,,,,,
"Regissør Oppenheimer startet på prosjektet for nesten ti år siden, etter at han først hadde laget en film om ofre og etterlatte etter folkemordet.",starte,på,project,project,agentive_project,,,,,,,,,,
Jester startet med rap i 1988 og er fortsatt aktiv.,starte,med,play,rap music,agentive,,,,,,,,,,
"NM startet med sakralprogram i Vår Frue kirke fredag kveld, mens det var åpen klasse i Frimurerlogen.",starte,med,offer,program,other,,,,,,,,,,
"Putin startet med sambo, men byttet til judo da han var fjorten.",starte,med,pracice,sport,telic,,,,,,,,,,
"Elever som velger samisk som andrespråk, samisk 2, starter oftest med samisk i 1. klasse, eller tidlig i 2. klasse.",starte,med,attend,course,telic,,,,,,,,,,
"Vokalistene Ane Lusie Kjelsberg, Philip Døhl, Berit Hanssen og Jo Bjørner Haugom startet på sangen, som ble kåret til Norges fineste bysang i 2004, før Bergstadkoret deltok på den mektige avslutningen.",starte,på,sing,song,agentive,,,,,,,,,,
"Etablerte kor starter gjerne rett på firstemte sanger, og det kan virke vanskelig for nye korsangere.",starte,på,sing,song,agentive,,,,,,,,,,
Enkelte nye gårdbrukere starter gjerne med sau.,starte,med,breed,animal,other,,,,,,,,,,
Morten Ramm og John Brungodt startet nylig med sin faste post « Hedmarksnytt » .,starte,med,write?,,agentive,,,,,,,,,,
"Bulgakov startet på sin mesterverk ' 'Mesteren og Margarita'' allerede i 1928, da under tittelen ''Den sorte mager'' .",starte,på,create,masterpiece,agentive,,,,,,,,,,
"Li starter med sine såreste låter, på en scene som er pakket inn i gotiske draperier, og et sortkledd band.",starte,med,sing,song,agentive,,,,,,,,,,
"CargoNet startet med sitt første tog til Heggstadmoen den 20. august der de bruker to spor på den nedre delen av terminalen, bakker inn og deler toget.",starte,med,use,train,telic,,,,,,,,,,
"De elever som har vært med i disse forsøkene, startet med sitt 1. fremmedspråk — engelsk — i 5. klasse.",starte,med,attend,course,telic,,,,,,,,,,
"Block startet med skateboard og snowboard, og satset senere på motorsport.",starte,med,practice,skateboard,telic,,,,,,,,,,
De to kvinnene startet seinere på skjelloppdretterkurs i regi av OPUS på Gravdal i Lofoten.,starte,på,attend,course,telic,,,,,,,,,,
Engeli startet med snowboard som 5-åring og ble raskt en del av det aktive carvingmiljøet på Dombås.,starte,med,practice,snowboard,telic,,,,,,,,,,
"Martin startet på spansk i august, men gikk over til tysk i september / oktober.",starte,på,attend,language course,telic,,,,,,,,,,
SIMULER starter med spørsmålet NU?,starte,med,practice,sport,telic,,,,,,,,,,
Alice Lima de Faria – Spalten starter alltid med spørsmålet « hva har du på nattbordet?,starte,med,aswer,question,telic,,,,,,,,,,
Per Oleg Midtfjeld starter også med stallhesten General Ideal i et annet V75-løp på Bjerke denne lørdagen.,starte,med,ride,horse,other,,,,,,,,,,
Fellah startet med Start-farget gul vest da trener Kjetil Rekdal drillet formasjoner på dagens Vålerenga-trening i Vallhall.,starte,med,wear,vest,telic,,,,,,,,,,
Fæhn startet med litt statistikk :,starte,med,do,statistics,telic,,,,,,,,,,
Ida starter med stoff og treffer Knut mens hun fortsatt bor hjemme hos moren.,starte,med,take,drugs,telic,,,,,,,,,,
"26-åringen startet med supermat for ett år siden, for å bli kvitt mageproblemer.",starte,med,eat,food,telic,,,,,,,,,,
"Håkki, som opererer i grenselandet idealist og kunstner, startet blant annet med t-skjortedesign for å redde hjembygda Ljungaverk i Sverige.",starte,med,design,clothes,agentive,,,,,,,,,,
Robinson og Fredag startet med små tacos.,starte,med,eat,food,telic,,,,,,,,,,
Rodriguez startet med taekwondo som femåring.,starte,med,practice,taekwondo,telic,,,,,,,,,,
"Eleven startet på teksten på skolen, og den ble fullført hjemme som lekse.",starte,på,write,text,agentive,,,,,,,,,,
Gauff startet med tennis etter å ha sett Venus og hennes yngre søster Serena spille i sine yngre dager.,starte,med,practice,tennis,telic,,,,,,,,,,
Axel Andreasson startet med tivoli i 1928.,starte,med,offer,tivolis,other,,,,,,,,,,
"Pelham startet med bare to kanoner, en glattbåret 12-punds Napoleon og en riflet Blakely, men fortsatte med bare en etter at den siste ble satt ut av spill av fiendens batteri.",starte,med,use,cannons,telic,,,,,,,,,,
"Mange barn starter på tre hjul, går gjerne over til fire - og ender på to.",starte,på,ride,on three wheels,telic,,,,,,,,,,
"Audi A3 startet med tredørsutgave og noen måneder senere kom modellen som er mest populær i Norge, A3 Sportback.",starte,med,produce,car,agentive,,,,,,,,,,
"Ronnie James Dio startet med trompet, bass og gitar ved siden av sangen og begynte sin karriere med sin første single med Ronnie and the Redcaps i 1958 og spilte tradisjonell rock'n roll fra den tiden.",starte,med,play,instrument/music,agentive,,,,,,,,,,
Studentene starter med trykkoppgave i grupper med undervisningen som kun er nettbasert.,starte,med,do,task,telic,,,,,,,,,,
"Elisabeth Lund Engebretsen startet på UniPed kurs høsten 2019, og Ingvil Hellstrand gjennomførte UiS sitt veilederkurs for PhD-nivå ( SQP ) våren 2019.",starte,på,attend,course,telic,,,,,,,,,,
Ve starter med Universitetene i alfabetisk rekkefølge.,starte,med,attend,skole,telic,,,,,,,,,,
"32 000 elever startet på studieforberedende utdanningsprogram i 2006, og 83 prosent fullførte i løpet av fem år, det tilsvarende tallet er 30 prosent for yrkesfag.",starte,på,attend,program,telic,,,,,,,,,,
"Omtrent halvparten av elevene starter på yrkesfaglige utdanningsprogrammer, men mange fullfører ikke fag- og yrkesopplæringen.",starte,på,attend,program,telic,,,,,,,,,,
"23-åringen startet med vann og kake, fortsatte festen med kortspill før verdensmesteren trakk seg tilbake til suiten.",starte,med,eat/drink,food,telic,,,,,,,,,,
"Lavoisier starter med varme, som han trodde var et grunnstoff.",starte,med,write,about heat,agentive,,,,,,,,,,
"Bordvenninnen starter med vårrull, og etter diskusjon med servitøren lander hun på glassnudler med scampi, blekksprut og kylling.",starte,med,eat,food,telic,,,,,,,,,,
"Oscar- og Gullpalme-vinneren startet med vin allerede i 1975, da han sammen med kona Eleanor kjøpte eiendommen Inglenook Estate på hele 630 hektar.",starte,med,produce,wine,agentive,,,,,,,,,,
Vi startet på et internt husprosjekt i samarbeid med Statsbygg ved utgangen av 2017 som medfører kostnader og omstilling frem mot overgang til nye lokaler og nye arbeidsmåter ved utgangen,starte,på,project,project,agentive_project,,,,,,,,,,
"Mange barn starter på tre hjul, går gjerne over til fire - og ender",starte,på,ride,on three wheels,other,,,,,,,,,,
"Bente startet på cellegift i fjor sommer, og hadde sin forrige behandlingsrunde",starte,på,undergo,chemiotherapy,telic,,,,,,,,,,
"Han startet på engelsk, som så mange andre.",starte,på,attend,course,telic,,,,,,,,,,
Moe startet på hovedfaget sam tidig som tilbudet ble opprettet i Tromsø,starte,på,attend,course,telic,,,,,,,,,,
"De startet på prosjektet i 2008, og er fortsatt levende opptatt av å få publisert lokal historie fra Harstad kommu ne.",starte,på,project,project,agentive_project,,,,,,,,,,
Vi starter med en tabell hvor formålet har vært å bruke klasser av oppholdskvoter grunnlag for segmentering.,starte,med,,table,other,,,,,,,,,,
Vi starter med en del spørsmål om kommunens formelle politiske organisering.,starte,med,answer,question,telic,,,,,,,,,,
"Man starter med en teori og begrep på en relativt apen og drøftende måte, som en veiledning for forskningen, og utvikler relevans og presisjon underveis i forskningsprosessen.",starte,med,develop,theory,agentive,,,,,,,,,,
Vi starter med en enkel versjon av modellen basert på restriktive forutsetninger.,starte,med,use,version,telic,,,,,,,,,,
Odde Kjensteberg startet med butikk som riktig ung.,starte,med,work?,company,agentive,,,,,,,,,,
Vi starter med sikkerhetskurset.,starte,med,attend,course,telic,,,,,,,,,,
Vi starter med en figur som angir antall fisk i ulike størrelsesgrupper.,starte,med,analyze ,figure,other,,,,,,,,,,
Vi starter med et spørsmål fra REFLEXundersøkelsen som i noen grad er sammenliknbart med spørsmålene i kandidatundersøkelsen 2007 som gjaldt grad av fornøydhet med utdanningen og lærestedet ( figur 1 og 2 ) .,starte,med,answer,question,telic,,,,,,,,,,
"Jeg starter med noen spørsmål om syn, hørsel og førlighet.",starte,med,ask,question,agentive,,,,,,,,,,
Vi starter imidlertid med tre spørsmål av mer generell karakter.,starte,med,ask,question,agentive,,,,,,,,,,
Vi starter med spørsmål 0 m... være nøye med å føre over de administrative opplysningene fra side 1 og 2 til det nye skjemaet.,starte,med,answer,question,telic,,,,,,,,,,
Vi startet med Internet 26. februar og i løpet av denne måneden har ca. 7.000 kunder vært inne på sidene våre.,starte,med,use,internet,telic,,,,,,,,,,
Vi starter med noen ord om begrepet bortvalg og om ulike teoretiske tilnærminger for å forklare utdanningsvalg.,starte,med,say,words,agentive,,,,,,,,,,
"Vi starter med det minste prosjektet, K, .",starte,med,project,project,agentive_project,,,,,,,,,,
Vi starter med det minste prosjektet.,starte,med,project,project,agentive_project,,,,,,,,,,
"Jeg startet med dette prosjektet som hadde arbeidstittelen "" Ungdomskultur og lokal identitet i Brumunddal "" oktober",starte,med,project,project,agentive_project,,,,,,,,,,
"Jeg starter med det danske innlegget, for så vidt har lagt til grunn for mitt foredrag her, understrekes det at når man tar vekk enkelte fordeler som spesielt favoriserer yrkesskader, så må man på den annen side gjøre visse forbedringer i det normale trygdesystem.",starte,med,use,the post,telic,,,,,,,,,,
"Vi starter med det minste prosjektet, K1.",starte,med,project,project,agentive_project,,,,,,,,,,
• EJTN startet med et pilotprosjekt i 2004/2005 og mottok deretter støtte fra EU-kommisjonen til videre utbygging.,starte,med,project,project,agentive_project,,,,,,,,,,
Jeg startet med et tema som jeg syntes var interessant.,starte,med,discuss,topic,other,,,,,,,,,,
"Jeg startet derfor med noen åpne spørsmål for å gi informanten mulighet til å presentere sin forståelse av temaet og sine historier, uten for mange føringer fra min side ( Charmaz, 2006 ) .",starte,med,ask,question,agentive,,,,,,,,,,
Man starter gjerne med et Skisseprosjekt og / eller et forprosjekt som vil beskrive en problemstilling og ulike metoder for å komme fram til en ønsket løsning.,starte,med,project,project,agentive_project,,,,,,,,,,
Vi starter med to eksempler som berører Finansdepartementet ( FIN ) og ser deretter på Helse- og omsorgsdepartementet ( HOD ) .,starte,med,do,example,telic,,,,,,,,,,
Vi starter med et spørsmål om helse.,starte,med,ask,question,agentive,,,,,,,,,,
Jeg starter med noen spørsmål om ekteskapelig status og den husholdningen du tilhører.,starte,med,ask,question,agentive,,,,,,,,,,
Vi starter med noen spørsmål om selv og den husholdningen tilhorer. .,starte,med,ask,question,agentive,,,,,,,,,,
Vi starter med noen spørsmål om cannabis.,starte,med,ask,question,agentive,,,,,,,,,,
Vi starter med noen spørsmål om< navn> .,starte,med,ask,question,agentive,,,,,,,,,,
Vi starter med noen få spørsmål om husholdningen din.,starte,med,ask,question,agentive,,,,,,,,,,
Vi starter med PowerPoint som er utarbeidet til samlingen.,starte,med,use,powerpoint,telic,,,,,,,,,,
"- Jeg startet såpass sent med sang, så selvtilliten på dette området har også kommet sent.",starte,med,sing,song,agentive,,,,,,,,,,
"Vi starter først med de banene som ikke har sikringssystem, sier Gorm Frimannslund, konsernsjef i Bane Nor ( tidligere Jernbaneverket ) , til VG.",starte,med,install,new system at the railway ,other,,,,,,,,,,
"Sauar startet med datamaskiner på gutterommet på Sørlandet, 17 år gammel.",starte,med,use,computers,telic,,,,,,,,,,
"Mange startet bare med en enkel snippeske, men bærer nå på tepper, soveposer og tykke klær for å holde seg varme i de lavere temperaturene nord i Mexico.",starte,med,use,duffel bag,telic,,,,,,,,,,
"Vi startet med neper i sist uke, sier Undem, som er en av de større produsentene av frilandsgrønnsaker på Jæren.",starte,med,coltivare,turnips ,other,,,,,,,,,,
"Vi starter med et glass champagne og skåler i en overraskende tam R de Ruinart, som virker som den ble åpnet noen dager i forveien.",starte,med,drink,drinks,telic,,,,,,,,,,
"Jeg startet med aprikos som prøveprosjekt, etter å ha sett hvordan de lykkes i det nordlige Italia der klimaet ikke er ulikt vårt.",starte,med,coltivare,apricots,other,,,,,,,,,,
Johann den første startet med vin,starte,med,produce,wine,agentive,,,,,,,,,,
Vi starter med et nyskrevet essay av Geir Gulliksen ( side 28 ) og en samtale med Richard Sennett ( denne side ) .,starte,med,read,essay,telic!,,,,,,,,,,
Vi starter med en shot i kveld.,starte,med,drink,drinks,telic,,,,,,,,,,
Stein Rønning startet med karate,starte,med,practice,karate,telic,,,,,,,,,,
"Vi startet med et sitat fra Bagdads feminister, la oss avslutte med noen advarende ord fra Kairo i 1952, der unge offiserer veltet monarkiet og lovte folket demokrati.",starte,med,say,citation,agentive,,,,,,,,,,
"- Jeg starter gjerne med de enkle, hvite, - vaniljeis eller krokan, og arbeider meg igjennom reportoaret i løpet av dagen, sier Harri son.",starte,med,eat,food,telic,,,,,,,,,,
Kommandittselskapet Ullensaker Boligbygg starter så smått med seks eneboliger langs det som i dag er veien fram til travbanen og dyrekli nikken på Nordbymoen.,starte,med,build,apartments,agentive,,,,,,,,,,
"han startet med kaffe ved tretiden og leste til halvsyv, hvoretter apostlenes hester brakte ham de sy v kilometrene til skolen.",starte,med,drink,coffee,telic,,,,,,,,,,
"Fotballfesten starter med allsang til « En blå dag » , framført av Frode Rønli fra Stavangerensemblet, som også skal framføre den legendaris ke Liverpool-hymnen, « You'll Never Walk Alone » .",starte,med,sing,song,agentive,,,,,,,,,,
Vi startet med sangen :,starte,med,sing,song,agentive,,,,,,,,,,
Du starter med en liten ball som små objekter kan feste seg til når du ruller rundt.,starte,med,use,ball,telic,,,,,,,,,,
Vi starter med teaterkurs på Kolmyr skole 12. oktober.,starte,med,attend,course,telic,,,,,,,,,,
Vi startet med et par sitater.,starte,med,say,citation,agentive,,,,,,,,,,
- De startet gjerne med data maskinen da de var sju år gam mel.,starte,med,use,computer,telic,,,,,,,,,,
"- Vi starter da med første hovedspørsmål, fra representanten Olav Gunnar Ballo.",starte,med,answer,question,telic,,,,,,,,,,
Jeg starter med et enkelt eksempel på bankinnskuddets skattemessige skjebne.,starte,med,say,example,agentive,,,,,,,,,,
"Vi startet med mat, men hvorfor skal man f.eks. betale halv moms på potetgull og hel moms på barneklær?",starte,med,reduce ,VAT in food,other,,,,,,,,,,
"- Vi starter da med det første hovedspørsmålet, fra representanten Karl Eirik Schjøtt-Pedersen.",starte,med,answer,question,telic,,,,,,,,,,
"De som ranet NOKAS i Stavanger og drepte en høyt ansett politimann, startet sannsynligvis med langt mindre alvorlig kriminalitet.",starte,med,do,criminal actions,telic,,,,,,,,,,
"Jeg starter med SND, som har en meget viktig rolle.",starte,med,discuss,about SND,other,,,,,,,,,,
Bjugn startet med 9-årig ungomsskole i 1965 og de første elevene tok eksamen,starte,med,attend,skole,telic,,,,,,,,,,
De startet med nefrologi og har siden lagt til over tjue andre spesialiteter.,starte,med,introduce,nefrology service,other,,,,,,,,,,
Utviklerne startet GhostBSD-prosjektet i 2010 etter at de møttes i det offisielle FreeBSD-forumet.,starte,NOUN,project,project,agentive_project,,,,,,,,,,
"Departementet og Grunnskolerådet starter prosjektet Ledelse i skolen, LIS, fra årets begynnelse.",starte,NOUN,project,project,agentive_project,,,,,,,,,,
Politistasjonssjef Bjørn Åge Hansen starter brevet med å rose egne mannskaper for innsatsen da bomben gikk av i Regjeringskvartalet i Oslo.,starte,NOUN,write,letter,agentive,,,,,,,,,,
"ABM-utvikling startet prosjektet "" Museum og forskning "" sammen med Norsk kulturråd i 2009.",starte,NOUN,project,project,agentive_project,,,,,,,,,,
ID 1025686639361705 Tekst-ID Elever og lærl startet grunnkurs for fem år siden,starte,NOUN,attend,course,telic,,,,,,,,,,
"Barne- og likestillingsdepartementet startet prosjektet i mai 2016 med fem prøvenemnder, blandt andre nemnda i Hordaland / Sogn og Fjordane, og hadde følgende ambisiøse målsetning : 1. Bringe partene sammen for kartlegging av faktiske forhold.",starte,NOUN,project,project,agentive_project,,,,,,,,,,
"Kredittilsynet har ut fra sitt ansvar i begynnelsen av år 2000 startet prosjektet "" Risiko- og sårbarhetsanalyse av finansnæringens IT-infrastruktur "" .",starte,NOUN,project,project,agentive_project,,,,,,,,,,
"Lunga og kolleger startet prosjektet "" Langvandring på pilgrimsvei "" som et ledd i det forebyggende helsearbeidet.",starte,NOUN,project,project,agentive_project,,,,,,,,,,
Universitetet i Oslo startet programmet for utvikling av systemer for helseinformasjon midt på 1990­tallet.,starte,NOUN,offer,program,other,,,,,,,,,,
"Fylkesmannen startet prosjekt "" Kom og bli "" som skulle hjelpe på rekruttering til kommuner, der også GNIST og oppfølging av ungdom og utdanning ble tatt inn som et element.",starte,NOUN,project,project,agentive_project,,,,,,,,,,
"Elever og lærl startet grunnkurs for fem år siden, foreldre m vgutd",starte,NOUN,attend,course,telic,,,,,,,,,,
"Hermansen startet balladen da han skrev til Jens Stoltenberg i fjor og ba ham gjøre « Ja, vi elsker » til offisiell nasjonalsang.",starte,NOUN,write,ballad,agentive,,,,,,,,,,
Tamara Maria Kler ( født Tamara Hunkeler ) startet prosjektet Dinka i 2007.,starte,NOUN,project,project,agentive_project,,,,,,,,,,
Begrström starter årets bok med en dedikasjon :,starte,NOUN,write,book,agentive,,,,,,,,,,
Rektor fra Knaus startet svaret sitt med å trekke fram trygghet som essensielt for læring.,starte,NOUN,answer,answer,telic,,,,,,,,,,
"Universitetssykehuset i Nord-Norge ( Tromsø ) og St.Olavs hospital ( Trondheim ) startet prosjektet i 2012, mens Oslo Universitetssykehus og Lovisenberg Diakonale Sykehus ( Oslo ) startet i 2014 og Haukeland Universitetssykehus i 2015.",starte,NOUN,project,project,agentive_project,,,,,,,,,,
Salem menighet startet prosjektet med bakgrunn i et stort innslag av barn og unge som oppholdt seg på og rundt Trondheim Torg.,starte,NOUN,project,project,agentive_project,,,,,,,,,,
"Lahlum starter kronikken med å kritisere både de som svarer ja og nei på spørsmålet, for mangel på nyanser og kunnskap.",starte,NOUN,write,article,agentive,,,,,,,,,,
Den tidligere Lyn-spilleren startet skolen da han måtte gi opp sin egen fotballkarriere på grunn av skade.,starte,NOUN,attend,skole,telic,,,,,,,,,,
"Olav Refsdal startet prosjektet og var prosjektleder i perioden fra høsten 1993 fram til sommeren 1994, da han sluttet på NIBR.",starte,NOUN,project,project,agentive_project,,,,,,,,,,
Forskerne ved Arboretet i Bergen startet prosjektet 7. juni.,starte,NOUN,project,project,agentive_project,,,,,,,,,,
"Vegtilsynet startet prosjektet « Regelverk på veg » i 2018, og det ble fullført i tredje tertial 2019.",starte,NOUN,project,project,agentive_project,,,,,,,,,,
"Erichsrud startet listen i august i fjor, og den dekker kutt som er annonsert fra og med 1. januar 2014.",starte,NOUN,create,list,agentive,,,,,,,,,,
18 kandidater startet kurset.,starte,NOUN,attend,course,telic,,,,,,,,,,
"Grytten starter historien med et av de desiderte høydepunktene i bandets karriere : en spektakulær serie konserter i New York våren l98l, og avslutter med begynnelsen, - noen unge menn som finner hverandre i punkens spede barndom i London en gang rundt midten av 1970-tallet og begynner å øve sammen.",starte,NOUN,write,story,agentive,,,,,,,,,,
Unger med mindre utviklet språk starter skolen med handicap.,starte,NOUN,attend,skole,telic,,,,,,,,,,
"Programleder Fredrik Solvang startet programmet med å opplyse om at norske medier har skrevet over 1000 saker om prinsessen og hennes kjæreste, sjamanen Durek Verrett, siden de sto frem som kjærester for 11 dager siden.",starte,NOUN,attend,program,telic,,,,,,,,,,
NRK starter programmet med å sammenligne Instagram-profilene deres.,starte,NOUN,offer,program,other,,,,,,,,,,
forskningsrådet starter nytt stort program for energi­ forskning Hydrogen / brensel­ cellebiler blir tilgjeng elige i markedet åpning av ny kabel forbindelse til danmark med kapasitet 700MW åpning av ny kabelforbindelse til tyskland med kapasitet 1400 MW ny nasjonal transport plan skal dekke perioden 2014 ­,starte,NOUN,offer,program,other,,,,,,,,,,
"Stovner startet prosjektet våren 2006, mens de øvrige bydelene startet opp våren 2007.",starte,NOUN,project,project,agentive_project,,,,,,,,,,
"Jeremie Miller startet prosjektet i 1998, og det første offentlige programslippet skjedde i mai 2000.",starte,NOUN,project,project,agentive_project,,,,,,,,,,
Alle pasienter starter modellen i pre-FTC.,starte,NOUN,use,model,telic,,,,,,,,,,
"Ole Gunnar startet prosjektet, mens Tor Ole har tatt det videre.",starte,NOUN,project,project,agentive_project,,,,,,,,,,
Døgnavdelingene startet prosjektet 24.1.2013.,starte,NOUN,project,project,agentive_project,,,,,,,,,,
Mange barn starter skolen med stor motivasjon og store forventninger til å lære å lese.,starte,NOUN,attend,school,telic,,,,,,,,,,
Skribenten og samfunnsdebattanten startet Facebook-innlegget med å sitere programleder Ingunn Solheim :,starte,NOUN,wirte,post,agentive,,,,,,,,,,
"Fugelli startet prosjektet som forsker, men endte opp med å fullføre det som pasient.",starte,NOUN,project,project,agentive_project,,,,,,,,,,
"Direktoratet startet derfor prosjektet « Regelverk i praksis » i 2014, hvor formålet er å øke regelverksetterlevelsen.",starte,NOUN,project,project,agentive_project,,,,,,,,,,
"- Prosjekteier, normalt leder av Infrastrukturdivisjonen, starter prosjektet og godkjenner sluttrapport.",starte,NOUN,project,project,agentive_project,,,,,,,,,,
"Bradford startet dyreparkens elefantprogram med et enkelt dyr på 1970-tallet, og har i tillegg vært mentor for mange barn som er interessert i dyreparken og dyrehold.",starte,NOUN,offer,program,other,,,,,,,,,,
"Teater Manu startet prosjektet « Manu Stjerneskudd » som er et toårig talentutviklingsprogram for døve ungdommer, som ønsker å prøve seg i skuespillerfaget.",starte,NOUN,project,project,agentive_project,,,,,,,,,,
"Ap startet reformen, stemte for den, og har deretter brukt hver eneste dag på å spenne bein på den.",starte,NOUN,do,reforms,telic,,,,,,,,,,
Faren i familien startet skolen bare ved å fylle ut en utdannelseserklæring som sier at barna hans får hjemmeundervisning på fulltid.,starte,NOUN,attend,school,telic,,,,,,,,,,
"Dette fordi VM i 2011 også startet prosjektet « Kartlegging av biologisk mangfold i Melhus kommune 2011 - 2012 » , med støtte fra kommunen, der kartlegging av den utvalgte naturtypen slåttemyr utgjorde en viktig del.",starte,NOUN,project,project,agentive_project,,,,,,,,,,
"Helsedirektoratet startet prosjekt "" prehospital strategisk satsing "" i 2014.",starte,NOUN,project,project,agentive_project,,,,,,,,,,
"26-åringen startet selv prosjektet, men rakk aldri å fullføre.",starte,NOUN,project,project,agentive_project,,,,,,,,,,
Regjeringen starter også prosjektet som er et samarbeid med Kunnskapsdepartementet om å styrke natur- og miljøfagene i grunnskolen.,starte,NOUN,project,project,agentive_project,,,,,,,,,,
"Skaperen, Markus Hohenwarter, startet prosjektet i 2001 ved Paris-Lodron-Universität Salzburg og fortsetter med det ved Florida Atlantic University.",starte,NOUN,project,project,agentive_project,,,,,,,,,,
"Det Mosaiske Trossamfund i Oslo startet prosjektet med støtte fra regjeringen i 2015, og regjeringen vil støtte Jødiske veivisere videre.",starte,NOUN,project,project,agentive_project,,,,,,,,,,
Forskningsleder Anne Sæterdal startet prosjektet og var leder første 1/2 år.,starte,NOUN,project,project,agentive_project,,,,,,,,,,
"FASB startet prosjektet med å utvikle et konseptuelt rammeverk i 1973, allerede samme år som det ble etablert for å erstatte Accounting Principles Board ( APB ) .",starte,NOUN,project,project,agentive_project,,,,,,,,,,
Sveitseren ( 1778 - 1841 ) startet tidsskriftserien.,starte,NOUN,produce,magazine series,agentive,,,,,,,,,,
"Religionshistoriker og lldsjel Eivind Luthen startet prosjektet, pluss alt arbeidet med den originale pilegrimsleden Tønsberg –Trondheim.",starte,NOUN,project,project,agentive_project,,,,,,,,,,
"Forkynneren starter boken sprudlende med stadfestelsen i 1,2 :",starte,NOUN,write,book,agentive,,,,,,,,,,
NLR Østafjells starter prosjekt Jordkarbon.,starte,NOUN,project,project,agentive_project,,,,,,,,,,
NITO startet derfor prosjektet Teknologi i skolen for ti år siden.,starte,NOUN,project,project,agentive_project,,,,,,,,,,
FMFA startet prosjektet « Etablering av internkontroll for informasjonssikkerhet » i januar 2019 ved bruk av Difis forklaringsmodell og praktiske veileder.,starte,NOUN,project,project,agentive_project,,,,,,,,,,
"- 1,34 Pasientene starter modellen i pre-FTC og behandling med memantin antas avsluttet når de når FTC.",starte,NOUN,use,model,telic,,,,,,,,,,
"Direktoratet for Naturforvaltning startet prosjektet i 1996, som var et ledd i arbeidet med å legge om til en mer lokal vilt- og fiskeforvaltning.",starte,NOUN,project,project,agentive_project,,,,,,,,,,
Avisa starter artikkelen med å bemerke at det er mange dansker som ikke forstår Solbakken.,starte,NOUN,write,article,agentive,,,,,,,,,,
SPK startet prosjektet med å utvikle en modell for kontinuerlig forbedring av tekstporteføljen.,starte,NOUN,project,project,agentive_project,,,,,,,,,,
"Pixy Yijun Liao startet prosjektet etter hun begynte å date den fem år yngre japanske musikeren, Moro.",starte,NOUN,project,project,agentive_project,,,,,,,,,,
To studenter startet kurset etter opptak til mastergrad i andre fagfelt.,starte,NOUN,attend,course,telic,,,,,,,,,,
"Terje P. Hagen startet prosjektet, og har vært prosjektleder fram til avslutningen.",starte,NOUN,project,project,agentive_project,,,,,,,,,,
"Telemark fylkeskommune startet prosjektet "" Bedre offentlig saksbehandling "" høsten 1995, jf. Byggforsk prosjektrapport 277 - 2000.",starte,NOUN,project,project,agentive_project,,,,,,,,,,
En gruppe ledet av professor Paulo Sérgio Pinheiro startet prosjektet i 2001.,starte,NOUN,project,project,agentive_project,,,,,,,,,,
"Goethe startet manuset om « Wilhelm Meister » allerede i 1777, da under tittelen ''Wilhelm Meisters theatralische Sendung'' ( som ble gjenoppdaget i 1911 ) .",starte,NOUN,write,manuskript?,agentive,,,,,,,,,,
Den London-baserte frilansjournalisten og historikeren startet prosjektet som en fargespalte i Elle Decoration i 2013.,starte,NOUN,project,project,agentive_project,,,,,,,,,,
"Jeg startet eternarkosen, og så overtok Flora.",starte,NOUN,give,anesthesia,other,,,,,,,,,,
"Jeg startet avsnitt 5.4 med å estimere en 8 på grunnlag av hele observasjonsmaterialet og fant at 8 ble estimert til nan, gitt at parameteren apriori skulle ligge i intervallet [ o, © © ) .",starte,NOUN,write,section,agentive,,,,,,,,,,
Vi starter derfor rapporten med noen korte teoretiske betraktninger om deltid som tilpasning i arbeidsmarkedet ( kapittel 2 ) .,starte,NOUN,writesay,report,agentive,,,,,,,,,,
Helsedirektoratet startet prosjektet,starte,NOUN,project,project,agentive_project,,,,,,,,,,
Vi startet kapittelet med å trekke fram begrepet relativ integrasjon.,starte,NOUN,present,chapter,other,,,,,,,,,,
Vi startet kapitlet med å stille to spørsmål :,starte,NOUN,present,chapter,other,,,,,,,,,,
Justisdepartementet har i 1999 startet prosjekt for videre utvikling av voldsforebyggende tjenesteformer innen siviltjenesten.,starte,NOUN,project,project,agentive_project,,,,,,,,,,
"– Vi startet prosjektet med en heftig debatt om problemstillingene fra Bioteknologirådet, hvor elevene fikk utdelt roller hvor de enten skulle være veldig for, eller kraftig imot.",starte,NOUN,project,project,agentive_project,,,,,,,,,,
Før dere starta prosjektet tenkte dere på hvilke type bygg dere ønsket dere?,starte,NOUN,project,project,agentive_project,,,,,,,,,,
Vi startet derfor prosjektet med å involvere pedagogene tidlig i prosessen ved å sette av tid til refleksjon og dialog om tema knyttet til lærernes konkrete praksis og som for de representerte aktiviteter og utfordringer som burde utvikles eller løses.,starte,NOUN,project,project,agentive_project,,,,,,,,,,
Vi starter kapitlet med en gjennomgang av sentrale forutsetninger med en drøfting av de metodiske valgene som er gjort før vi presenterer den samfunnsøkonomiske analysen av prissatte virkninger.,starte,NOUN,analyse,chapter,other,,,,,,,,,,
"Norge, startet vindtunnel på Voss.",starte,NOUN,build,tunnel,agentive,,,,,,,,,,
Den London-baserte frilansjournalisten og historikeren startet prosjektet som en fargespalte i Elle Decoration,starte,NOUN,project,project,agentive_project,,,,,,,,,,
"- Vi startet prosjektet fordi vi ønsket å tilføye farge til Møllenberg, og samtidig skape en miljøbevisst festival som finnes et sted midt i miljødebatten, forteller festivalsjefen.",starte,NOUN,project,project,agentive_project,,,,,,,,,,
"- Vi startet prosjektet før den voldsomme flyktningstrømmen til Norge, men en slik bok blir mer viktig enn noensinne.",starte,NOUN,project,project,agentive_project,,,,,,,,,,
"Da de startet prosjektet for nesten ti år siden, så de på mange ulike metoder.",starte,NOUN,project,project,agentive_project,,,,,,,,,,
"Hun starter historien i 1983 med drapet på skjønnhetsdronningen Bobbi Lomax, som er sprengt i fillebiter av en bombe på sin egen plen, før vi blir tatt med til i en merkelig religiøs småby et sted i Idaho i den amerikanske Midtvesten.",starte,NOUN,tell,story,telic,,,,,,,,,,
"Furu Ungdomslag starter gammeldanskurs på Furu haug, Ra, mandag 20. oktober.",starte,NOUN,attend,course,telic,,,,,,,,,,
"Maxweil startet norskkurset for to måneder siden, og beher sker allerede norsk svært godt.",starte,NOUN,attend,course,telic,,,,,,,,,,
Rikshospitalet startet kurser for laboratorieteknikere ved sitt Sentrallaboratorium,starte,NOUN,propose,course,other,,,,,,,,,,
Vi starta prosjektet med forventningar om at det ville vere eit breitt og aktivt engasjementet rundt utkantbutikken.,starte,NOUN,project,project,agentive_project,,,,,,,,,,
Vi starter derfor kapittelet med å undersøke om elever og lærere etter tre år med arbeidslivsfaget opplever at faget har vært praktisk.,starte,NOUN,analyze,chapter,other,,,,,,,,,,
"Hovland startet de første to hullene på søndagens avsluttende runde på par, før han fikk en birdie på sitt 3. hull, men bogey på det 4. hullet ødela den flotte starten.",starte,NOUN,play,hole (golf),agentive,,,,,,,,,,
"Forskere ved UiT starter nå et prosjekt om fysisk aktivitet og hvilken effekt det har på hjertet med data fra Tromsøundersøkelsen, og finansiert av Helse Nord.",starte,NOUN,project,project,agentive_project,,,,,,,,,,
Waabenø startet en engelskspråklig bibelklasse i Taipei sommeren 1951.,starte,NOUN,attend,course,telic,,,,,,,,,,
Bydel Grefsen Kjelsås startet et prosjekt som heter « Nye skoler som åpne flerbrukssentra » .,starte,NOUN,project,project,agentive_project,,,,,,,,,,
"Ross Ihaka og Robert Gentleman fra New Zealand startet et prosjekt på 1990-tallet med å skrive om S og utvikle det objektorienterte språket R, en dialekt av S.",starte,NOUN,project,project,agentive_project,,,,,,,,,,
Apparatjik startet et nytt prosjekt kalt agreeneryouniverse 11. februar 2011.,starte,NOUN,project,project,agentive_project,,,,,,,,,,
"Storbritannia og Frankrike startet et felles prosjekt kalt AFVG ( ''Anglo French Variable Geometry'' ) i 1965, men franskmennene trakk seg ut av dette i 1967.",starte,NOUN,project,project,agentive_project,,,,,,,,,,
Trude Drevland starter denne historien med dens foreløpig dramatiske høydepunkt :,starte,NOUN,write,story,agentive,,,,,,,,,,
"Direktoratet startet et prosjekt kalt "" Klart språk i Sjøfartsdirektoratet "" i 2010.",starte,NOUN,project,project,agentive_project,,,,,,,,,,
"NTNU starter nå et nytt prosjekt, også i Oslo og Bergen er mentorprosjekter i startfasen.",starte,NOUN,project,project,agentive_project,,,,,,,,,,
"En styrtrik bonde på Island, Jon Håkonsson, startet det kostbare prosjektet med å skape Flatøyboka sammen med øyas ledende prester.",starte,NOUN,project,project,agentive_project,,,,,,,,,,
"OLF har som en oppfølging av dette initiativet startet et prosjekt hvis målsetning er å redusere antall lekkasjer> 0,1 kg / s med 50 % innen utgangen av 2005 ( målt mot gjennomsnittet i perioden 2000 - 2002 ) .",starte,NOUN,project,project,agentive_project,,,,,,,,,,
Forsvaret starter et prosjekt i 2019 – delvis grunnet egne behov Det jobbes videre med utvikling av samarbeid for • Politi • Forsvar • Helsedirektoratet • DSB • Kartverket Presentasjon v /Lars Mardal Informasjon fra Geovekst Ledning Arbeidsgruppe( GLA ),starte,NOUN,project,project,agentive_project,,,,,,,,,,
HÅVARD MYKLEBUST startet dette OL-prosjektet med å sette et mål som kunne gi 10 prosent flere norske medaljer.,starte,NOUN,project,project,agentive_project,,,,,,,,,,
Fræna kommune startet opprinnelig et prosjekt med utvikling av « leie før eie konsept » i 2008 / 2009 med kompetansemidler fra Husbanken.,starte,NOUN,project,project,agentive_project,,,,,,,,,,
"Selvik startet det musikalske prosjektet Warduna i 2003, hvor han lager musikk basert på runer, gamle vikinginstrumenter og tekster på norsk, gammelnorsk og norrønt.",starte,NOUN,project,project,agentive_project,,,,,,,,,,
Marie startet derfor et hacking-prosjekt for å finne ut av sikkerheten i sin egen personlige kritiske infrastruktur.,starte,NOUN,project,project,agentive_project,,,,,,,,,,
Konkurransedirektør Christine Meyer og Næringsminister Monica Mæland starter sammen et prosjekt for å undersøke om de store nettportalene handler i strid med norsk konkurranselov ( se faktaboks ) .,starte,NOUN,project,project,agentive_project,,,,,,,,,,
"Dahl startet også et hovedfagsseminar som het ''formelle metoder'' , som utviklet seg til et kurs i programspesifikasjon og -verifikasjon.",starte,NOUN,attend,seminar,telic,,,,,,,,,,
Lennon starter hvert vers alene med « it's been a » før McCartney blir med.,starte,NOUN,say,verse,agentive,,,,,,,,,,
Vassdragstilsynet startet blant annet et prosjekt med etterkontroll av fundamentforholdene ved de høyeste slanke hvelvdammene for å sikre seg mot at noe lignende skulle skje i Norge.,starte,NOUN,project,project,agentive_project,,,,,,,,,,
Leserne starter gjerne en tekst fra flere innganger og hopper underveis i lesingen.,starte,NOUN,read,text,telic!,,,,,,,,,,
"Bussprodusenten Krupp startet et uvanlig prosjekt i 1931, '' Flettner-Krupp-Großramuwagen'' med en fireakslet passasjertilhenger trukket av en trekkvogn på kun forakselen.",starte,NOUN,project,project,agentive_project,,,,,,,,,,
Ekteparet Glueck startet dette prosjektet i 40­åra i Boston.,starte,NOUN,project,project,agentive_project,,,,,,,,,,
Oljedirektoratet startet derfor et prosjekt i 1986 for å kartlegge potensielle kostnadsreduksjoner ved fremtidige feltutbygginger.,starte,NOUN,project,project,agentive_project,,,,,,,,,,
UNINETT startet et nytt prosjekt med valg av nytt arkivsystem i 2010.,starte,NOUN,project,project,agentive_project,,,,,,,,,,
Ekteparet Glueck startet dette prosjektet i 40-åra i Boston.,starte,NOUN,project,project,agentive_project,,,,,,,,,,
"Nesten 90 pst. av elevene som går ut av ungdomsskolen, starter et utdanningsløp i videregående skole.",starte,NOUN,attend,skole,telic,,,,,,,,,,
"KRÅD startet da et prosjekt i syv kommuner, hvor det gjennom tre år ble prøvd ut en modell for samarbeid om lokale kriminalitetsforebyggende til­ tak.",starte,NOUN,project,project,agentive_project,,,,,,,,,,
Jacob L. B. Sverdrups startet da et « Agerdyrkingsseminarium » .,starte,NOUN,attend,seminar,telic,,,,,,,,,,
"Professor i samfunnsøkonomi ved NTNU, Anders Skonhoft, starter en artikkel i Klassekampen 14. februar slik :",starte,NOUN,write,article,agentive,,,,,,,,,,
Sarpsborg startet et prosjekt i 2011 hvor målet er å opprette dagtilbud på gård for rusavhengige.,starte,NOUN,project,project,agentive_project,,,,,,,,,,
"PER-MATHIAS HØGMO startet et prosjekt som ville vært evaluert til vellykket om vi hadde slått Ungarn, men som mange nå mener er håpløst.",starte,NOUN,project,project,agentive_project,,,,,,,,,,
"Sametinget starter nå et nytt tilsvarende prosjekt for sørsamisk, som planlegges å være ferdig om tre år.",starte,NOUN,project,project,agentive_project,,,,,,,,,,
"Hydro startet så et prosjekt med membraner for separasjon av oksygen fra luft, og med separasjon av hydrogen fra naturgass.",starte,NOUN,project,project,agentive_project,,,,,,,,,,
Rådmannen starter eget prosjekt med fokus på psykisk helsearbeid og rus.,starte,NOUN,project,project,agentive_project,,,,,,,,,,
kommune Kommunehuset NO RWAY Nordland 10 8003 BODØ NO MELDING OM POLITISK KONSEKVENSER AV SOM Vedlagt digital post fra Beiarn Beiarnhar startet et prosjekt åut digitalt.,starte,NOUN,project,project,agentive_project,,,,,,,,,,
Skuespilleren starter den oppsiktsvekkende historien med å fortelle at han alltid har problemer taxisjåfører i den franske hovedstaden.,starte,NOUN,act,story,other,,,,,,,,,,
Nortura starter eget prosjekt for å fremskynde utfasing av det omstridte tilsettingsstoffet narasin i kyllingfôr.,starte,NOUN,project,project,agentive_project,,,,,,,,,,
"OLF har som en oppfølging av dette initiativet startet et prosjekt som har som målsetning å redusere antall lekkasjer> 0,1 kg / s med 50 % innen utgangen av 2005 ( målt mot gjennomsnittet i perioden 2000 - 2002 ) .",starte,NOUN,project,project,agentive_project,,,,,,,,,,
"AREAL startet et større prosjekt innenfor temaet Rettigheter, organisering og regulering i norsk utmark i møte med næringsendringer og miljøproblemer.",starte,NOUN,project,project,agentive_project,,,,,,,,,,
"OLF har som en oppfølging av dette initiativet startet et prosjekt hvis målsetning er å redusere antall lekkasjer> 0,1 kg / s med 50 % innen utgangen av 2005 ( målt mot gjennomsnittet i perioden 2000- 2002 ) .",starte,NOUN,project,project,agentive_project,,,,,,,,,,
"Regissøren startet dette prosjektet med en serie fotoutstillinger, og har uttalt at filmen « bare er en samling bilder jeg ville fange opp » – mens strukturen ble oppdaget under opptakene.",starte,NOUN,project,project,agentive_project,,,,,,,,,,
"Miljøverndepartementet og en rekke andre organisasjoner - startet et prosjekt som de kaller « Levende Skog » , et forsknings- og informasjonsprosjekt til 30 mill. kr, for de sier at hvis de ikke er i stand til å dokumentere at norsk skogbruk og norsk treforedlingsindustri i dag driver helt klart på miljøets premisser, er de sjaltet ut.",starte,NOUN,project,project,agentive_project,,,,,,,,,,
"Luftfartøyingeniør Pavel Ignatyevich Grokhovskii startet et prosjekt med et TB-3-4M - 17 i 1934, da dette ble ombygd for å fungere som et flygende kanonskyts med en 76mm kanon M1927 montert under flykroppen.",starte,NOUN,project,project,agentive_project,,,,,,,,,,
Statens helsetilsyn startet et prosjekt i 2018 :,starte,NOUN,project,project,agentive_project,,,,,,,,,,
Avinor startet et prosjekt i 2017 om å klargjøre flyplassene for elektriske fly.,starte,NOUN,project,project,agentive_project,,,,,,,,,,
Nofima startet et prosjekt på mer teoretisk markedsforskning som vil sette oss i stand til å gjøre mer helhetlige analyser av hele verdikjeder.,starte,NOUN,project,project,agentive_project,,,,,,,,,,
Helsedirektoratet og de regionale helseforetakene starter nå et prosjekt for å videreutvikle GTT-undersøkelsen med sikte på å få tak i årsakssammenhenger.,starte,NOUN,project,project,agentive_project,,,,,,,,,,
Statkraft startet et FOU-prosjekt om bedring av smoltkvaliteten på produksjonsanleggene.,starte,NOUN,project,project,agentive_project,,,,,,,,,,
Larvik kommune starter derfor et prosjekt i samarbeid med Kunnskapssenteret.,starte,NOUN,project,project,agentive_project,,,,,,,,,,
"Jarle Kallestad, starter en kommentar i Vårt Land 17.11.08, med å omtale hele kirkemøtet det året som "" politisk korrekt "" .",starte,NOUN,write/say,comment,agentive,,,,,,,,,,
FSAT starter et prosjekt for å inkludere datakilder som inneholder opptaksdata :,starte,NOUN,project,project,agentive_project,,,,,,,,,,
"Ferguson starter det ene kapittelet med å hylle sin trofaste midtbanesliter gjennom mange år, før det kommer frem at skotten merket en forandring i Keanes oppførsel da evnene som fotballspiller begynte å bli dårligere etter en hofte- og kneoperasjon.",starte,NOUN,write,article,agentive,,,,,,,,,,
Mahomes og Tyrann Mathieu startet et prosjekt for velgerregistrering i Kansas City.,starte,NOUN,project,project,agentive_project,,,,,,,,,,
"May Britt Tynes fra Sykkylven startet et veldedig prosjekt i byen Bogo helt nord på øya Cebu på Filippinene for 12 år siden, og driver i dag førskolen Lola Day Care Center.",starte,NOUN,project,project,agentive_project,,,,,,,,,,
"Anna startet også et ambisiøst prosjekt med å få parets datter Thamar gift med Mikael IX Palaiologos, Andronikos' sænn og medkeiser.",starte,NOUN,project,project,agentive_project,,,,,,,,,,
Kommunenes Sentralforbund har nå - i samarbeid med Handelshøyskolen BI - startet et prosjekt om kommunesektoren og EØS / EF.,starte,NOUN,project,project,agentive_project,,,,,,,,,,
"Kathrine Skretting ( Observatør ) , Iben Kardel ( Observatør ) SINN starter nå et nytt treårig prosjekt, som har fått navnet "" Trygg førsteårsstudent "" .",starte,NOUN,project,project,agentive_project,,,,,,,,,,
"Coorstek Membrane Science AS med flere internasjonale partnere, startet et prosjekt i 2019, der keramiske membraner og elektrokjemi gir reformering i ett termoelektrokjemisk prosesstrinn.",starte,NOUN,project,project,agentive_project,,,,,,,,,,
"Burdon startet begge sanger flere ganger, klaget over monitorlyden, var først ydmyk beklagende - men innen 15 minutter hadde gått var Burdon pisse sur og publikum temmelig forvirret.",starte,NOUN,sing,song,agentive,,,,,,,,,,
"Yi starter det nest siste kapittelet med mer utførlig å drøfte hvordan man kan forstå og systematisere hindringer, for dermed å gi en inngang til diskusjonen om hvordan de samme hindringene kan møtes.",starte,NOUN,write,chapter,agentive,,,,,,,,,,
"Vi startet dette avsnittet med å peke på foreldrenes utdanning som en svært sentral oppvekstressurs, og vi har vist at på denne variabelen er det en meget betydelig variasjon mellom bydelene.",starte,NOUN,write,section,agentive,,,,,,,,,,
Vi startet denne delen av spørreskjemaet med påstanden :,starte,NOUN,fill,questionnaire,telic,,,,,,,,,,
Vi startet dette kapittelet med å påpeke den lave utdanningsakriviteren blant flyktningene.,starte,NOUN,write,,agentive,,,,,,,,,,
Vi starter dette avsnittet med en svært stilisert beskrivelse av arbeidsmarkedet for lærere.,starte,NOUN,write,section,agentive,,,,,,,,,,
"SSB har sammen med Senter for jordfaglig miljøforskning, Ås, ( Jordforsk ) startet et prosjekt for å utvikle SIMJAR 2 til å beregne arealavrenning av fosfor.",starte,NOUN,project,project,agentive_project,,,,,,,,,,
Vi startet denne artikkelen med å stille spørsmålet om evalueringer i dag var rituale eller læring.,starte,NOUN,write,article,agentive,,,,,,,,,,
Vi starter denne boka med å trekke fram en del indikatorer eller nøkkeltall som kan gi en pekepinn på hvordan det står til med miljøet i Norge ( avsnitt 1.2 og 1.3 ) .,starte,NOUN,write,book,agentive,,,,,,,,,,
Vi starter denne boka med presentasjon av Norges nasjonale indikatorsett for bærekraftig utvikling.,starte,NOUN,write,book,agentive,,,,,,,,,,
Vi starter dette kapitlet med å analysere konsekvensene av å bruke oppgavevariabler i stedet for outputvariabler i forskjellige sammenhenger.,starte,NOUN,present,chapter,other,,,,,,,,,,
vi startet dette kapitlet med spørsmålet om innføring av et styringssystem med parlamentariske trekk ville bedre mulighetene for finansiell styring.,starte,NOUN,write,chapter,agentive,,,,,,,,,,
"Sjøfartsdirektoratet har i 2016 startet et større IKT-prosjekt for å effektivisere tjenestene til NIS / NOR Skipsregistret, bl.a. gjennom modernisering av saksbehandlingssystemer og digitalisering av en rekke skjemaer.",starte,NOUN,project,project,agentive_project,,,,,,,,,,
Sametinget har i 2015 startet et prosjekt i samarbeid med Samisk kunstnerråd ( SDR ) kalt forfatterstudiet.,starte,NOUN,project,project,agentive_project,,,,,,,,,,
Forskingsrådet har også starta eit prosjekt for teknologiframsyn kalla CREATE.,starte,NOUN,project,project,agentive_project,,,,,,,,,,
Helsetilsynet har i 2004 startet et prosjekt for enhetlig behandling av klagesaker innenfor helselovgivningen og sosialtjenestelovgivningen.,starte,NOUN,project,project,agentive_project,,,,,,,,,,
"Sjøfartsdirektoratet har i 2016 startet et større IKT-prosjekt for å effektivisere tjenestene til skipsregistrene, bl.a. gjennom modernisering av saksbehandlingssystemer og digitalisering av en rekke skjemaer.",starte,NOUN,project,project,agentive_project,,,,,,,,,,
Bioforsk og Landbrukets forsøksringer har i 2006 startet et treårig prosjekt for etablering og utvikling av et potetfaglig forum på Apelsvoll.,starte,NOUN,project,project,agentive_project,,,,,,,,,,
"Med bakgrunn i de store utfordringer vi har hatt på Agder med ekstreme værforhold og bortfall av vitale tjenester, har Fylkesmannen startet et prosjekt med fokus på økt robusthet i kraft, elektronisk kommunikasjon, informasjon og velferdsteknologi ( KEIV-prosjektet ) .",starte,NOUN,project,project,agentive_project,,,,,,,,,,
"I samarbeid med bønder i området, og med støtte fra storfesatsinga i Hedmark, har hun derfor nylig startet et prosjekt som skal avdekke hva som gir problemer for kalvene i regionen, med hoved fokus på selen- og E-vitaminmangel.",starte,NOUN,project,project,agentive_project,,,,,,,,,,
"Verdens Naturfond ( WWF ) har for eksempel startet et prosjekt i Australia, Fiji og New Zealand som følger tunfisk fra den er fanget til den blir tilberedt.",starte,NOUN,project,project,agentive_project,,,,,,,,,,
Statsbygg har i 2017 startet et omfattende prosjekt for rehabilitering av forlegningsbyggene ved Ullersmo fengsel.,starte,NOUN,project,project,agentive_project,,,,,,,,,,
Vi starter dette kapittelet med en kort leseveiledning.,starte,NOUN,write,chapter,agentive,,,,,,,,,,
"De startet dette prosjektet gjennom CAPES-SIU-programmet etter at de innså at de trengte å tilby studentene et mer avansert kurs i robotikk, også etter innspill fra næringslivet i Brasil.",starte,NOUN,project,project,agentive_project,,,,,,,,,,
Jeg startet dette innlegget med å minne om formaningen til Arbeiderpartiet om ikke å legge seg på kollisjonskurs.,starte,NOUN,write,post,agentive,,,,,,,,,,
"Nå, jeg startet dette innlegg med kritikk, og jeg må fortsette med kritikk.",starte,NOUN,write,post,agentive,,,,,,,,,,
"Jeg startet dette innlegget med å understreke verdien av den enighet vi kan samle i sikkerhetspolitiske spørsmål, og jeg gjentar gjerne at ønsket om og viljen til en slik enighet er prisverdig.",starte,NOUN,write,post,agentive,,,,,,,,,,
Direktoratet for sivilt beredskap har i år startet et prosjekt for evaluering og observasjon av krisehendelser.,starte,NOUN,project,project,agentive_project,,,,,,,,,,
Pedagogisk forskningsinsitutt på Universitetet i Oslo har i år startet et prosjekt om « barn og TV-reklame » .,starte,NOUN,project,project,agentive_project,,,,,,,,,,
Jeg startet dette innlegget med å konstatere at det er relativt sjelden at protokollkomiteen har bemerkninger å gjøre når det gjelder Regjeringens disposisjoner.,starte,NOUN,write,post,agentive,,,,,,,,,,
"Jeg startet dette innlegget med å snakke om barnefattigdom, og jeg skal også avslutte med det.",starte,NOUN,write,post,agentive,,,,,,,,,,
"Institusjonen har også starta eit prosjekt for å prøve ut samarbeidsmodellar mellom museum og vidaregåande opplæring, med grunnlag i læreplanen Reform 94.",starte,NOUN,project,project,agentive_project,,,,,,,,,,
Vi starter dette kapitlet med å spørre om Utdanningsdirektoratets veiledning til læreplanen er kjent blant lærerne og hvor nyttig de opplever at den er.,starte,NOUN,write,chapter,agentive,,,,,,,,,,
Vi starter derfor hvert kapittel med « vår oppsummering og kommentar » slik at leseren får presentert hovedpoengene i kapitlet.,starte,NOUN,write,chapter,agentive,,,,,,,,,,
De to startet et prosjekt kalt,starte,NOUN,project,project,agentive_project,,,,,,,,,,
Instituttene / fakultetetene starter informasjon om og forberedelser til valgene.,starte,NOUN,give,information,other,,,,,,,,,,
Elevene startet så prøvemodulen og arbeidet til de ble ferdige eller til programmet avsluttet automatisk etter 40 minutter.,starte,NOUN,work,"sample module (but similar to test, and usually I flag the word ""test"" as event",other,,,,,,,,,,
Kari Wærness starter teksten med å påpeke kravet om at « alt stadig bør gå raskere » .,starte,NOUN,write,text,agentive,,,,,,,,,,
"Djokovic startet andresettet litt tregt, men hevet seg noe.",starte,NOUN,play,set,agentive,,,,,,,,,,
Marie N startet sangen iført en hvit dress og en hatt som en av danserne fjernet.,starte,NOUN,sing,song,agentive,,,,,,,,,,
Dale starter brevet med å redegjøre for « noen grunnleggende problemstillinger » ved den bestilte rapporten og kommer med kritikk på flere punkter :,starte,NOUN,write,letter,agentive,,,,,,,,,,
"Damon Albarn startet sideprosjektet Gorillaz og The Good The Bad And The Queen, han dro til Mali og Congo for å lage plater med lokale musikere, og komponerte den kinesiske musikalen « Monkey : Journey To The West » .",starte,NOUN,project,project,agentive_project,,,,,,,,,,
"Giæver starter kommentaren sin med å konstatere at det er mange som er skuffet over det nye vedtaket i Nordland Arbeiderparti om å legge bort kravet om en konsekvensutredning av havområdene utenfor Lofoten, Vesterålen og Senja ( LoVeSe ) , noe som er nokså ironisk med tanke på den enorme motstanden utredningsspørsmålet har fått.",starte,NOUN,say,comment,agentive,,,,,,,,,,
Chaudhry startet innlegget med :,starte,NOUN,write,post,agentive,,,,,,,,,,
Representanten Steensnæs startet innlegget sitt med å stadfeste Kristelig Folkepartis mål om at bistanden skal nå opp i 1 pst. av BNI.,starte,NOUN,write,,agentive,,,,,,,,,,
"Sokrates, Jesus, Gandhi og Martin Luther King startet håpløse prosjekter i møte med en enorm overmakt.",starte,NOUN,project,project,agentive_project,,,,,,,,,,
"Gründeren startet prosjektet i 1998 og hadde planer om et prosjekt i Rælingen, men han mener at markedet ikke var modent på det tidspunktet.",starte,NOUN,project,project,agentive_project,,,,,,,,,,
"Re kommune starter nytt prosjekt "" Etter skoletid """,starte,NOUN,project,project,agentive_project,,,,,,,,,,
"Martsinkevichs følgere startet prosjektet « Occupy Pedophilyaj » , under dekke av å skulle avsløre og rapportere pedofil virksomhet på nett gjennom de internettbaserte møteplassene.",starte,NOUN,project,project,agentive_project,,,,,,,,,,
Skolen startet prosjektet i 2007 med et seminar med Kamil Øzerk og en studietur til Fjell skole i Drammen.,starte,NOUN,project,project,agentive_project,,,,,,,,,,
Sametinget og lokalbefolkningen startet selv prosjektet som Samisk institutt / Samisk høgskole hjalp til med å gjennomføre.,starte,NOUN,project,project,agentive_project,,,,,,,,,,
Elevene startet prosjektet med en tur til gartneriet i Mogan.,starte,NOUN,project,project,agentive_project,,,,,,,,,,
Bedriften starter prosjektet med ønsket om å å gi noe tilbake til lokalsamfunnene gjennom et lavterskeltilbud.,starte,NOUN,project,project,agentive_project,,,,,,,,,,
"Helsedirektoratet startet prosjektet Prehospital strategisk satsing i 2014 med formål å etablere en informasjonsmodell for hele den akuttmedisinske kjeden, nasjonal og internasjonal benchmarking, og innovative publiseringsløsninger.",starte,NOUN,project,project,agentive_project,,,,,,,,,,
Fylkesmannen i Østfold på vegne av Barne-og familiedepartementet startet prosjektet våren 2000.,starte,NOUN,project,project,agentive_project,,,,,,,,,,
« Flått i Nord » startet prosjektet og kartleggingen for fire år siden.,starte,NOUN,project,project,agentive_project,,,,,,,,,,
"Franskmennene startet prosjektet, mens amerikanerne overtok etter 1900.",starte,NOUN,project,project,agentive_project,,,,,,,,,,
"Hilde startet prosjektet, og jeg vil gjerne videreføre det.",starte,NOUN,project,project,agentive_project,,,,,,,,,,
"Apples tidligere toppsjef John Sculley startet PowerBook-prosjektet i 1990, og satte av 1 million US$ til markedsføring.",starte,NOUN,project,project,agentive_project,,,,,,,,,,
"Polar Park i Bardu starter prosjekt for å trene opp hunder til å jakte bjørn, melder Fremover.",starte,NOUN,project,project,agentive_project,,,,,,,,,,
Vegdirektoratet startet prosjekt for økt satsing på miljøgater ( – inspirert av tilsvarende løsninger i Danmark ),starte,NOUN,project,project,agentive_project,,,,,,,,,,
En egen gruppe i bergenspolitiet startet prosjektet i januar samme år.,starte,NOUN,project,project,agentive_project,,,,,,,,,,
"Drammen kommune startet prosjektet "" Union Scene "" i 2004, og de første lokalene var klare til åpning for publikum i februar 2005.",starte,NOUN,project,project,agentive_project,,,,,,,,,,
Kvinnene startet prosjektet for å vise hvor mye god og spiselig mat som kastes.,starte,NOUN,project,project,agentive_project,,,,,,,,,,
Viksjø startet prosjektet med et elektronisk journalsystem sammen med Trond Hjortdal.,starte,NOUN,project,project,agentive_project,,,,,,,,,,
1.Har startet prosjekt eller utviklingsarbeid som aktivt inkluderer skolebiblioteket 2.,starte,NOUN,project,project,agentive_project,,,,,,,,,,
SVV starter mange prosjekter i samme område og markedet presses.,starte,NOUN,project,project,agentive_project,,,,,,,,,,
Studentene starter prosjektet med å legge fram i hvert fall tre forskjellige ideer.,starte,NOUN,project,project,agentive_project,,,,,,,,,,
Norges Bank startet prosjektet for konjunkturovervåking høsten 2002.,starte,NOUN,project,project,agentive_project,,,,,,,,,,
Viktor Sanden Espedal og kjæresten Christina Højgaard Nielsen startet prosjektet i vår.,starte,NOUN,project,project,agentive_project,,,,,,,,,,
Prosjekteier starter derfor ofte prosjektet opp med forhåndsoppfatninger av hvilken løsning som er mest aktuell.,starte,NOUN,project,project,agentive_project,,,,,,,,,,
"Jarand Herdal startet prosjektet med å spille inn en smakebit, eller såkalt spillefilmpilot, for Kadaver allerede i 2016.",starte,NOUN,project,project,agentive_project,,,,,,,,,,
"Håvard Aksnes starter flere prosjekter, for å få « den ukjente frem på radaren » .",starte,NOUN,project,project,agentive_project,,,,,,,,,,
"Flyktningetjenesten i Rana startet prosjektet « Boligskole for Flyktninger » høsten 2014, dette etter tilsagn om kompetansemidler fra Husbanken.",starte,NOUN,project,project,agentive_project,,,,,,,,,,
"DJ Delorie startet prosjektet i 1989, og har veiledet det videre.",starte,NOUN,project,project,agentive_project,,,,,,,,,,
"Regjeringen starter prosjektet allerede nå, og man går i gang allerede i sommer.",starte,NOUN,project,project,agentive_project,,,,,,,,,,
"Stepan Roh startet DejaVu-prosjektet i 2004 med mål om å tilby en fontsamling med en større gruppe skrifttegn, og i dag installeres fontsamlingen som standard i en rekke Linux-distribusjoner.",starte,NOUN,project,project,agentive_project,,,,,,,,,,
Ivan Galuzin startet tv-prosjektet SKATV sammen med Christian Bould da han var student.,starte,NOUN,project,project,agentive_project,,,,,,,,,,
BMW Motorsport startet M3-prosjektet i 1981.,starte,NOUN,project,project,agentive_project,,,,,,,,,,
"Flyktningrådet starta INCOR-prosjektet,",starte,NOUN,project,project,agentive_project,,,,,,,,,,
De første 50 kontorene startet SPA-prosjektet 1. oktober,starte,NOUN,project,project,agentive_project,,,,,,,,,,
